job_id,title,company,location,description
312618060,Audit Alliances Program Manager (Remote),,United States,"We are looking for an experienced Audit Alliances Program Manager to join our Partnerships team. This role will focus on scaling the enablement, experience, and overall success of audits conducted on our platform by our audit partners. With over 6000+ audits conducted annually, you’ll play a critical role in streamlining processes, reducing manual efforts, and driving efficiency across the audit lifecycle.

What you'll do:

• Program Management: Develop and implement scalable processes to ensure successful audits by our audit alliance partners. Coordinate cross-functionally with internal teams (e.g., Product, Customer Success, Sales) to ensure alignment and seamless delivery.
• Process Optimization: Identify opportunities for automation and process improvements to reduce manual efforts in managing audits. Analyze audit performance data to pinpoint bottlenecks and create solutions.
• Enablement: Design and deliver training programs, tools, and resources to enable our audit partners to be successful on our platform. Develop a consistent feedback loop to refine these materials.
• Relationship Management: Collaborate closely with the alliances managers to provide support and resources to audit firms, ensuring a positive experience and successful outcomes for mutual customers.
• Performance Metrics: Track and report on key metrics related to audit success, partner satisfaction, and process improvements. Use data insights to drive decision-making and enhance program effectiveness.
• Stakeholder Engagement: Act as the liaison between audit alliance partners and internal teams, ensuring that partner needs are met and aligned with our strategic goals.


What you'll bring:

• Experience: 4+ years of experience in program management, partnerships, audit/advisory, or a similar role in a high-growth SaaS environment, preferably within the GRC or cybersecurity industry.
• Project Management: Proven ability to manage multiple complex projects simultaneously, with a track record of driving results and meeting deadlines.
• Data-Driven: Strong analytical skills, with the ability to interpret data and make recommendations for process improvements.
• Cross-Functional Collaboration: Experience working closely with product, sales, and customer success teams to deliver a cohesive program.
• Communication Skills: Excellent verbal and written communication skills, with the ability to articulate complex ideas to diverse audiences.
• Proactive Problem Solver: Ability to anticipate challenges and proactively develop solutions to ensure success.
• Technical Acumen: Understanding of audit processes and familiarity with audit automation platforms is a plus.


Benefits:

• Healthcare: 90-100% paid premiums for medical, dental, and vision plans for employee and dependents + on demand health care concierge
• HSA, FSA, & DCFSA: Pre-tax savings plans for healthcare and dependent care, with up to a $600 annual employer contribution to the HSA plan (if enrolled in HSA medical plan)
• 100% paid short and long term disability plus life + AD&D benefits
• Learning & Development: $500 annually towards professional development opportunities + $250 annually towards personal development opportunities
• Flexible Time Off: Flexible vacation policy for strong, fully charged batteries
• 16 Weeks Paid Parental Leave: An inclusive policy to ensure you have time with your newborn, newly adopted, or foster child
• Work Remotely: Flexible hours and work from home + $1,000 annually to cover necessary business related items for your home office
• 401K: Reach your financial goals while reducing your taxes


This role will receive a competitive base salary, benefits, and stock, typically in the form of Restricted Stock Units (RSUs). The applicable salary range for each US-based role is based on where the employee works and is aligned to one of 3 tiers based on the cost of labor for that geographic area. The expected salary ranges for this role are below, subject to change.

Tier 1: $118,200 - $146,100

Tier 2: $106,380 - $144,000

Tier 3: $94,560 - $116,880

You can view which tier applies to where you plan to work here. A variety of factors are considered when determining someone’s leveling and compensation–including a candidate’s professional background and experience. These ranges may be modified in the future and final offer amounts may vary from the amounts listed above.

Drata is on a mission to help build trust across the internet.

Drata is a security and compliance automation platform that continuously monitors and collects evidence of a company's security controls, while streamlining compliance workflows end-to-end to ensure audit readiness.

We all recognize the importance of earning and keeping the trust of our customers when it comes to protecting their data. We've felt firsthand how burdensome achieving and maintaining a strong security and compliance posture can be at a fast-growing company. It’s a manual, redundant, error-prone, and unscalable process - and it only grows more complex and expensive over time.

Our team of SaaS, security, compliance, and audit experts have built a better way - with automation.

Employment at Drata is based solely upon individual merit and qualifications directly related to professional competence. We strictly prohibit unlawful discrimination or harassment on the basis of race, color, religion, veteran status, national origin, ancestry, pregnancy status, sex, gender identity or expression, age, marital status, mental or physical disability, medical condition, sexual orientation, or any other characteristics protected by law. We also make reasonable accommodations to meet our obligations under laws protecting the rights of the disabled."
316163297,Channel Marketing (VIA & NAS) Staff Program Manager - Americas Region (Remote),,United States,"About Our Group

We are seeking a dynamic and experienced Channel Marketing (VIA & NAS) Staff Program Manager to support our key distribution and direct market resellers, including CDW and Insight, as well as system integrators for Video Analytics (VIA) / Network Attached Storage (NAS) /Enterprise product segments. This role will also manage our NAS ecosystem partners such as QNAP, Asustor, Ugreen, and Teramaster, as well as manage the media and entertainment (M&E) organization activities and memberships. The ideal candidate will be responsible for managing the availability and ordering of Seagate branded promotional items and new product introduction (NPI) orders. Additionally, the role involves the management of quarterly Market Development Funds (MDF), ensuring submissions, processing by claim, and finalization in the MDF tool, QBe.

About The Role - You Will

• Channel Support: Develop and execute marketing strategies to support key distribution partners (e.g., MaLabs, ASI, D&H) and direct market resellers (e.g., CDW, Insight) and system integrators.
• NAS Ecosystem Management: Manage relationships and marketing activities with NAS ecosystem partners including QNAP, Asustor, Ugreen, and Teramaster.
• M&E Organization Activities: Oversee media and entertainment organization activities and memberships, ensuring alignment with overall marketing strategies.
• Promotional Items & NPI Orders: Manage the availability and ordering of Seagate branded promotional items and new product introduction (NPI) orders.
• MDF Management: Oversee the submission, processing, and finalization of quarterly Market Development Funds (MDF) in the MDF tool, QBe.
• Collaboration: Work closely with sales, product management, and other marketing teams to ensure cohesive and effective marketing strategies.
• Reporting & Analysis: Track and report on the effectiveness of marketing campaigns and initiatives, providing insights and recommendations for improvement.


About You

• Strong understanding of distribution and direct market reseller channels.
• Experience managing relationships with system integrators and NAS ecosystem partners.
• Familiarity with media and entertainment industry marketing.
• Excellent project management and organizational skills.
• Proficiency in using MDF tools, particularly QBe.
• Strong analytical skills and the ability to interpret data to drive marketing decisions.
• Excellent communication and interpersonal skills.


Your Experience Includes

• Experience with Seagate products and solutions.
• Knowledge of the VIA/NAS/Enterprise product segments.
• Ability to work independently and as part of a team in a fast-paced environment.
• Bachelor’s degree in Marketing, Business, or a related field or equivalent experience.
• Extensive experience in channel marketing, preferably within the technology sector.


Location:

U.S. Remote;

Seagate is able to offer virtual employment for this position in the following states: AL, AZ, CA, CO, CT, FL, GA, ID, IL, IN, KS, KY, MA, MD, MI, MN, MO, NC, NH, NJ, NM, NY, NV, OH, OK, OR, PA, SC, SD, TN, TX, UT, VA, WA, WI, WY.

The estimated base salary range for this position is $102,600 - $149,500. The individual salary is based on work location and additional factors, including job-related skills, experience, and relevant education or training.

Seagate offers comprehensive benefits to its eligible employees, including, but not limited to, eligibility for variable pay bonus, medical, dental, vision, and life insurance, short-and long-term disability, 401(k), employee stock purchase plan, health savings account, dependent care, and healthcare spending accounts. Seagate also offers paid time off, including 12 holidays, flexible time off provided pursuant to Seagate policy, a minimum of 48 hours of paid sick leave, and 16 weeks of paid parental leave. The benefits for this position are based on a full-time schedule for a full calendar year and may differ depending on work location.

Location: Remote United States

Travel: Up to 10%"
317497052,Program Manager Technical - Remote,,United States,"Job Description

Are you excited by the prospect of creatively solving problems?

Do you enjoy solving complex challenges and creating solutions?

Join Our Information Security Program Management Office!

The InfoSec PMO helps guide Akamai and the Internet to a safer future. We plan and deliver programs that enable organizational growth and achieve the Information Security team's strategic objectives. in support of powering and protecting life online. We value continual learning, transparent communication, collaboration, and integrity. And we are invested in the success of both our team and our internal customers.

Partner with the best and build your career as a Junior Level Contributor

You will be a Junior Level Technical Program Manager and will contribute to strategic programs that directly support Akamai and its customers. This role will be primarily focused on projects in areas including compliance, security engineering, threat & vulnerability management, and product security. You will need to interact with, and support, the business and technical stakeholders with curiosity, empathy, and candor.

As a Technical Program Manager I , you will be responsible for-

• Aligning with relevant stakeholders on definition of project scope, requirements, objectives, and milestones.
• Planning, coordinating, communicating, and delivering critical projects accurately and on time.
• Collaborating with cross-functional teams for project planning, requirements gathering, and successful plan execution.
• Working with project teams to identify and evaluate project risks and issues
• Providing support, direction and motivation for project teams, while developing leadership skills
• Exercising written and verbal communication and listening skills to support clarity, trust, and well-coordinated project execution
• Engaging in learning and mentorship with Manager and Senior Level Program Managers


Do What You Love

To be successful in this role you will-

• Have 2 years experience in leading technical and cross-functional projects/programs
• Possess knowledge of Project Management methodologies (for example- Waterfall, Agile, SAFe, Scrum, Traditional PMI methods, etc.)
• Have previous experience with Atlassian Tollset (Jira, Confluence, etc,) and project management software (Workfront, Smartsheet, Planview, MS Project)
• Demonstrate ability to engage with business and technical stakeholders with compassion, empathy, and constructive curiosity
• Demonstrate ability to think critically in managing projects
• Have exceptional time management and organizational skills
• Demonstrate willingness and ability to learn new skills and systems
• Possess drive for learning program management and process improvement techniques


Work in a way that works for you

FlexBase, Akamai's Global Flexible Working Program, is based on the principles that are helping us create the best workplace in the world. When our colleagues said that flexible working was important to them, we listened. We also know flexible working is important to many of the incredible people considering joining Akamai. FlexBase, gives 95% of employees the choice to work from their home, their office, or both (in the country advertised). This permanent workplace flexibility program is consistent and fair globally, to help us find incredible talent, virtually anywhere. We are happy to discuss working options for this role and encourage you to speak with your recruiter in more detail when you apply.

Learn what makes Akamai a great place to work

Connect with us on social and see what life at Akamai is like!

We power and protect life online, by solving the toughest challenges, together.

At Akamai, we're curious, innovative, collaborative and tenacious. We celebrate diversity of thought and we hold an unwavering belief that we can make a meaningful difference. Our teams use their global perspectives to put customers at the forefront of everything they do, so if you are people-centric, you'll thrive here.

Working for you

At Akamai, we will provide you with opportunities to grow, flourish, and achieve great things. Our benefit options are designed to meet your individual needs for today and in the future. We provide benefits surrounding all aspects of your life-

• Your health
• Your finances
• Your family
• Your time at work
• Your time pursuing other endeavors


Our benefit plan options are designed to meet your individual needs and budget, both today and in the future.

About Us

Akamai powers and protects life online. Leading companies worldwide choose Akamai to build, deliver, and secure their digital experiences helping billions of people live, work, and play every day. With the world's most distributed compute platform from cloud to edge we make it easy for customers to develop and run applications, while we keep experiences closer to users and threats farther away.

Join us

Are you seeking an opportunity to make a real difference in a company with a global reach and exciting services and clients? Come join us and grow with a team of people who will energize and inspire you!

Akamai Technologies is an Affirmative Action, Equal Opportunity Employer that values the strength that diversity brings to the workplace. All qualified applicants will receive consideration for employment and will not be discriminated against on the basis of gender, gender identity, sexual orientation, race/ethnicity, protected veteran status, disability, or other protected group status.

If no date is displayed, applications are being accepted on an ongoing basis until the job is filled.

Compensation

Akamai is committed to fair and equitable compensation practices. The base salary for this position ranges from $70,500 - $146,500/year; a candidate’s salary is determined by various factors including, but not limited to, relevant work experience, skills, certifications and location. The compensation package may also include incentive compensation opportunities in the form of annual bonus or incentives, equity awards and an Employee Stock Purchase Plan (ESPP). Akamai provides industry-leading benefits including healthcare, 401K savings plan, company holidays, vacation (in the form of PTO), sick time, family friendly benefits including parental leave and an employee assistance program including a focus on mental and financial wellness; Eligibility requirements apply."
317624589,Principal Security Program Manager (Remote US),,"Atlanta, GA","Job Requisition ID #

24WD83321

Position Overview

We’re seeking an experienced Principal Program Manager to drive transformative security programs that protect Autodesk’s global workforce and intellectual property. This role, reporting to the Director of Enterprise Security, will provide thought leadership across multiple security domains, shaping our security landscape to meet the evolving challenges of today and tomorrow.

Responsibilities

• Strategic Alignment: Partner with senior leaders to align security projects with Autodesk's key objectives, challenging and refining business outcomes to maximize impact
• Risk Mitigation: Identify program-level issues and risks, proactively remove roadblocks, and drive resolutions to ensure seamless execution
• Cross-Functional Leadership: Orchestrate enterprise-level planning with cross-team collaboration, linking outcomes to measurable KPIs
• Stakeholder Engagement: Communicate program status and milestones to stakeholders at all levels, from technical teams to executive leadership
• Adaptive Planning: Develop and manage adaptable project plans for complex, multi-faceted programs, ensuring Autodesk’s security posture is resilient and scalable


Minimum Qualifications

• Experience: 7+ years in enterprise security operations, threat modeling, cybersecurity, or security program management, with 3+ years managing cross-functional, large-scale security programs
• Project Management Expertise: Demonstrated experience in leading complex technology projects, particularly in large, distributed environments
• Cloud Proficiency: Strong knowledge of cloud security with experience in AWS, Azure, GCP, or other cloud providers
• Education: BS in Computer Science, Computer Engineering, or equivalent experience


Learn More

About Autodesk

Welcome to Autodesk! Amazing things are created every day with our software – from the greenest buildings and cleanest cars to the smartest factories and biggest hit movies. We help innovators turn their ideas into reality, transforming not only how things are made, but what can be made.

We take great pride in our culture here at Autodesk – our Culture Code is at the core of everything we do. Our values and ways of working help our people thrive and realize their potential, which leads to even better outcomes for our customers.

When you’re an Autodesker, you can be your whole, authentic self and do meaningful work that helps build a better future for all. Ready to shape the world and your future? Join us!

Benefits

From health and financial benefits to time away and everyday wellness, we give Autodeskers the best, so they can do their best work. Learn more about our benefits in the U.S. by visiting https://benefits.autodesk.com/

Salary transparency

Salary is one part of Autodesk’s competitive compensation package. For U.S.-based roles, we expect a starting base salary between $125,800 and $203,500. Offers are based on the candidate’s experience and geographic location, and may exceed this range. In addition to base salaries, we also have a significant emphasis on annual cash bonuses, commissions for sales roles, stock grants, and a comprehensive benefits package.

Equal Employment Opportunity

At Autodesk, we're building a diverse workplace and an inclusive culture to give more people the chance to imagine, design, and make a better world. Autodesk is proud to be an equal opportunity employer and considers all qualified applicants for employment without regard to race, color, religion, age, sex, sexual orientation, gender, gender identity, national origin, disability, veteran status or any other legally protected characteristic. We also consider for employment all qualified applicants regardless of criminal histories, consistent with applicable law.

Diversity & Belonging

We take pride in cultivating a culture of belonging and an equitable workplace where everyone can thrive. Learn more here: https://www.autodesk.com/company/diversity-and-belonging

Are you an existing contractor or consultant with Autodesk?

Please search for open jobs and apply internally (not on this external site)."
318606681,Principal Security Program Manager (Remote US),,"Plano, TX","Job Requisition ID #

24WD83321

Position Overview

We’re seeking an experienced Principal Program Manager to drive transformative security programs that protect Autodesk’s global workforce and intellectual property. This role, reporting to the Director of Enterprise Security, will provide thought leadership across multiple security domains, shaping our security landscape to meet the evolving challenges of today and tomorrow.

Responsibilities

• Strategic Alignment: Partner with senior leaders to align security projects with Autodesk's key objectives, challenging and refining business outcomes to maximize impact
• Risk Mitigation: Identify program-level issues and risks, proactively remove roadblocks, and drive resolutions to ensure seamless execution
• Cross-Functional Leadership: Orchestrate enterprise-level planning with cross-team collaboration, linking outcomes to measurable KPIs
• Stakeholder Engagement: Communicate program status and milestones to stakeholders at all levels, from technical teams to executive leadership
• Adaptive Planning: Develop and manage adaptable project plans for complex, multi-faceted programs, ensuring Autodesk’s security posture is resilient and scalable


Minimum Qualifications

• Experience: 7+ years in enterprise security operations, threat modeling, cybersecurity, or security program management, with 3+ years managing cross-functional, large-scale security programs
• Project Management Expertise: Demonstrated experience in leading complex technology projects, particularly in large, distributed environments
• Cloud Proficiency: Strong knowledge of cloud security with experience in AWS, Azure, GCP, or other cloud providers
• Education: BS in Computer Science, Computer Engineering, or equivalent experience


Learn More

About Autodesk

Welcome to Autodesk! Amazing things are created every day with our software – from the greenest buildings and cleanest cars to the smartest factories and biggest hit movies. We help innovators turn their ideas into reality, transforming not only how things are made, but what can be made.

We take great pride in our culture here at Autodesk – our Culture Code is at the core of everything we do. Our values and ways of working help our people thrive and realize their potential, which leads to even better outcomes for our customers.

When you’re an Autodesker, you can be your whole, authentic self and do meaningful work that helps build a better future for all. Ready to shape the world and your future? Join us!

Benefits

From health and financial benefits to time away and everyday wellness, we give Autodeskers the best, so they can do their best work. Learn more about our benefits in the U.S. by visiting https://benefits.autodesk.com/

Salary transparency

Salary is one part of Autodesk’s competitive compensation package. For U.S.-based roles, we expect a starting base salary between $125,800 and $203,500. Offers are based on the candidate’s experience and geographic location, and may exceed this range. In addition to base salaries, we also have a significant emphasis on annual cash bonuses, commissions for sales roles, stock grants, and a comprehensive benefits package.

Equal Employment Opportunity

At Autodesk, we're building a diverse workplace and an inclusive culture to give more people the chance to imagine, design, and make a better world. Autodesk is proud to be an equal opportunity employer and considers all qualified applicants for employment without regard to race, color, religion, age, sex, sexual orientation, gender, gender identity, national origin, disability, veteran status or any other legally protected characteristic. We also consider for employment all qualified applicants regardless of criminal histories, consistent with applicable law.

Diversity & Belonging

We take pride in cultivating a culture of belonging and an equitable workplace where everyone can thrive. Learn more here: https://www.autodesk.com/company/diversity-and-belonging

Are you an existing contractor or consultant with Autodesk?

Please search for open jobs and apply internally (not on this external site)."
319116517,Integrated Program Manager - Corporate Real Estate (Remote),,United States,"The Finance team’s goal is to be a trusted and collaborative partner to all the businesses and functional teams that we work with, bringing business acumen, financial expertise and insights to aid decision-making and deliver value to our stakeholders. We strive to generate value through providing specialist advice and making recommendations to optimize decision making, delivering transparent processes and implementing governance and controls to mitigate risk.

The ideal candidate has expertise in program management, strategic planning, project management and data analysis in corporate real estate. The ideal candidate has a demonstrated ability to develop collaborative trusted advisor relationships with a broad range of internal and external stakeholders on corporate real estate and facilities initiatives. The ideal candidate has a proven success in leading cross functional teams and delivering cost effective solutions that to optimize a global real estate and facilities footprint.

Effective management of ResMed’s global real estate portfolio will help achieve ResMed’s 2030 strategy to help more than 500 million people worldwide achieve their full health potential. In particular, the ideal candidate will help drive value for ResMed shareholders through employee engagement, leveraging ResMed real estate assets to achieve business goals, with a sharp focus on return on investment of ResMed real estate.

Key Responsibilities:


You will support the Senior Director – Corporate Real Estate in achieving the following key objectives:

• Development of 2030 Strategy;
• Real estate right sizing;
• Optimization of global facilities costs; and
• Global lease management.



This includes the following key responsibilities:


• Analyzing external market data together with lease terms and conditions and facilities data for 207+ ResMed global sites, developing and implementing comprehensive strategies, roadmaps and process maps to optimize these assets and minimize costs.
• Developing processes that facilitate timely lease terminations, consolidations, expansions, renewals, acquisitions and growth and for managing fit outs and sub-leases.
• Partnering with global Accounting, Financial Planning and Analysis (FP&A) and Global Supplier Alliance teams to analyze global lease and facilities data, with a view to delivering cost efficient solutions through process mapping and optimization. 
• Building strategic relationships with key stakeholders and communicating effectively with internal and external stakeholders to achieve CRE objectives.
• Leading high performance cross-functional teams, managing key projects throughout the project life cycle. 
• Preparing reports and presentations to gain alignment with key decision makers and support decision-making processes. 
• Assisting in defining and following approval structures and ensure compliance with company policies and procedures and ensuring proper controls for risk mitigation.
• Assisting in maintaining the Co-Star and My Contracts lease administration databases with accurate and up-to-date information.



Required Qualifications:


• Bachelor's degree in Real Estate, Finance, Data Analytics, or a related field. 
• Proven Integrated Program Management / Project Management experience in CRE, with 5+ years of relevant industry experience. 
• Excellent communication and interpersonal skills and ability to influence senior leaders. 
• Ability to manage multiple tasks simultaneously and work effectively under pressure. 
• Strong analytical and problem-solving abilities.



Preferred Qualifications:


• Applies acquired expertise and exercises judgment to analyze and solve problems without clear precedent.
• Strong understanding of data management and analysis tools and proficiency in Microsoft Office Suite, especially Excel.



We are shaping the future at ResMed, and we recognize the need to build on and broaden our existing skills and continue to attract and retain the world’s best talent. We work hard to offer holistic benefits packages, provide flexible work arrangements, cultivate a workforce culture that allows employees to grow personally and professionally, and deliver competitive salaries to our team members. Employees scheduled to work 30 or more hours per week are eligible for benefits. This position qualifies for the following benefits package: comprehensive medical, vision, dental, and life, AD&D, short-term and long-term disability insurance, sleep care management, Health Savings Account (HSA), Flexible Spending Account (FSA), commuter benefits, 401(k), Employee Stock Purchase Plan (ESPP), Employee Assistance Program (EAP), and tuition assistance.

Individual pay decisions are based on a variety of factors, such as the candidate’s geographic work location, relevant qualifications, work experience, and skills.

Subject to the absolute discretion of the company, this role may be eligible for an annual cash bonus payment based on company, business unit, and/or individual performance.

Subject to the absolute discretion of the company, this role may be eligible to receive stock equity based on company, business unit, and/or individual performance.

At ResMed, it is not typical for an individual to be hired at or near the top of the range for their role and compensation decisions are dependent on the facts and circumstances of each case. A reasonable estimate of the current range for this position is:

Total Base Pay Range


109,000.00 - 163,000.00 USD Annual


Joining us is more than saying “yes” to making the world a healthier place. It’s discovering a career that’s challenging, supportive and inspiring. Where a culture driven by excellence helps you not only meet your goals, but also create new ones. We focus on creating a diverse and inclusive culture, encouraging individual expression in the workplace and thrive on the innovative ideas this generates. If this sounds like the workplace for you, apply now! We commit to respond to every applicant."
319444211,Principal Security Program Manager (Remote US),,"Denver, CO","Job Requisition ID #

24WD83321

Position Overview

We’re seeking an experienced Principal Program Manager to drive transformative security programs that protect Autodesk’s global workforce and intellectual property. This role, reporting to the Director of Enterprise Security, will provide thought leadership across multiple security domains, shaping our security landscape to meet the evolving challenges of today and tomorrow.

Responsibilities

• Strategic Alignment: Partner with senior leaders to align security projects with Autodesk's key objectives, challenging and refining business outcomes to maximize impact
• Risk Mitigation: Identify program-level issues and risks, proactively remove roadblocks, and drive resolutions to ensure seamless execution
• Cross-Functional Leadership: Orchestrate enterprise-level planning with cross-team collaboration, linking outcomes to measurable KPIs
• Stakeholder Engagement: Communicate program status and milestones to stakeholders at all levels, from technical teams to executive leadership
• Adaptive Planning: Develop and manage adaptable project plans for complex, multi-faceted programs, ensuring Autodesk’s security posture is resilient and scalable


Minimum Qualifications

• Experience: 7+ years in enterprise security operations, threat modeling, cybersecurity, or security program management, with 3+ years managing cross-functional, large-scale security programs
• Project Management Expertise: Demonstrated experience in leading complex technology projects, particularly in large, distributed environments
• Cloud Proficiency: Strong knowledge of cloud security with experience in AWS, Azure, GCP, or other cloud providers
• Education: BS in Computer Science, Computer Engineering, or equivalent experience


Learn More

About Autodesk

Welcome to Autodesk! Amazing things are created every day with our software – from the greenest buildings and cleanest cars to the smartest factories and biggest hit movies. We help innovators turn their ideas into reality, transforming not only how things are made, but what can be made.

We take great pride in our culture here at Autodesk – our Culture Code is at the core of everything we do. Our values and ways of working help our people thrive and realize their potential, which leads to even better outcomes for our customers.

When you’re an Autodesker, you can be your whole, authentic self and do meaningful work that helps build a better future for all. Ready to shape the world and your future? Join us!

Benefits

From health and financial benefits to time away and everyday wellness, we give Autodeskers the best, so they can do their best work. Learn more about our benefits in the U.S. by visiting https://benefits.autodesk.com/

Salary transparency

Salary is one part of Autodesk’s competitive compensation package. For U.S.-based roles, we expect a starting base salary between $125,800 and $203,500. Offers are based on the candidate’s experience and geographic location, and may exceed this range. In addition to base salaries, we also have a significant emphasis on annual cash bonuses, commissions for sales roles, stock grants, and a comprehensive benefits package.

Equal Employment Opportunity

At Autodesk, we're building a diverse workplace and an inclusive culture to give more people the chance to imagine, design, and make a better world. Autodesk is proud to be an equal opportunity employer and considers all qualified applicants for employment without regard to race, color, religion, age, sex, sexual orientation, gender, gender identity, national origin, disability, veteran status or any other legally protected characteristic. We also consider for employment all qualified applicants regardless of criminal histories, consistent with applicable law.

Diversity & Belonging

We take pride in cultivating a culture of belonging and an equitable workplace where everyone can thrive. Learn more here: https://www.autodesk.com/company/diversity-and-belonging

Are you an existing contractor or consultant with Autodesk?

Please search for open jobs and apply internally (not on this external site)."
319660273,Principal Security Program Manager (Remote US),,"Portland, OR","Job Requisition ID #

24WD83321

Position Overview

We’re seeking an experienced Principal Program Manager to drive transformative security programs that protect Autodesk’s global workforce and intellectual property. This role, reporting to the Director of Enterprise Security, will provide thought leadership across multiple security domains, shaping our security landscape to meet the evolving challenges of today and tomorrow.

Responsibilities

• Strategic Alignment: Partner with senior leaders to align security projects with Autodesk's key objectives, challenging and refining business outcomes to maximize impact
• Risk Mitigation: Identify program-level issues and risks, proactively remove roadblocks, and drive resolutions to ensure seamless execution
• Cross-Functional Leadership: Orchestrate enterprise-level planning with cross-team collaboration, linking outcomes to measurable KPIs
• Stakeholder Engagement: Communicate program status and milestones to stakeholders at all levels, from technical teams to executive leadership
• Adaptive Planning: Develop and manage adaptable project plans for complex, multi-faceted programs, ensuring Autodesk’s security posture is resilient and scalable


Minimum Qualifications

• Experience: 7+ years in enterprise security operations, threat modeling, cybersecurity, or security program management, with 3+ years managing cross-functional, large-scale security programs
• Project Management Expertise: Demonstrated experience in leading complex technology projects, particularly in large, distributed environments
• Cloud Proficiency: Strong knowledge of cloud security with experience in AWS, Azure, GCP, or other cloud providers
• Education: BS in Computer Science, Computer Engineering, or equivalent experience


Learn More

About Autodesk

Welcome to Autodesk! Amazing things are created every day with our software – from the greenest buildings and cleanest cars to the smartest factories and biggest hit movies. We help innovators turn their ideas into reality, transforming not only how things are made, but what can be made.

We take great pride in our culture here at Autodesk – our Culture Code is at the core of everything we do. Our values and ways of working help our people thrive and realize their potential, which leads to even better outcomes for our customers.

When you’re an Autodesker, you can be your whole, authentic self and do meaningful work that helps build a better future for all. Ready to shape the world and your future? Join us!

Benefits

From health and financial benefits to time away and everyday wellness, we give Autodeskers the best, so they can do their best work. Learn more about our benefits in the U.S. by visiting https://benefits.autodesk.com/

Salary transparency

Salary is one part of Autodesk’s competitive compensation package. For U.S.-based roles, we expect a starting base salary between $125,800 and $203,500. Offers are based on the candidate’s experience and geographic location, and may exceed this range. In addition to base salaries, we also have a significant emphasis on annual cash bonuses, commissions for sales roles, stock grants, and a comprehensive benefits package.

Equal Employment Opportunity

At Autodesk, we're building a diverse workplace and an inclusive culture to give more people the chance to imagine, design, and make a better world. Autodesk is proud to be an equal opportunity employer and considers all qualified applicants for employment without regard to race, color, religion, age, sex, sexual orientation, gender, gender identity, national origin, disability, veteran status or any other legally protected characteristic. We also consider for employment all qualified applicants regardless of criminal histories, consistent with applicable law.

Diversity & Belonging

We take pride in cultivating a culture of belonging and an equitable workplace where everyone can thrive. Learn more here: https://www.autodesk.com/company/diversity-and-belonging

Are you an existing contractor or consultant with Autodesk?

Please search for open jobs and apply internally (not on this external site)."
320432994,Program Manager with Epic Access and Revenue experience - Remote - EST,,United States,"Job title: Program Manager with Epic Access and Revenue experience

Location: EST - 100% Remote

2+ years contract

Summary:

The Epic Program Director oversees the entire implementation, optimization, and ongoing management of Epic Systems within the healthcare organization. They are responsible for leading project teams, coordinating with various departments, and ensuring successful adoption of Epic solutions to improve patient care and operational efficiency.

Project Management: Lead and coordinate Epic implementation projects, ensuring adherence to timelines, budgets, and quality standards.

Team Management: Oversee and mentor a team of Epic analysts, trainers, and other staff involved in the implementation process.

Stakeholder Management: Build and maintain strong relationships with key stakeholders, including executive leadership, clinicians, and IT staff.

Regards,

<img src​=""data:image/png;base64,iVBORw0KGgoAAAANSUhEUgAAAOYAAABoCAYAAADl0IwTAAAAAXNSR0IArs4c6QAAIABJREFUeF7tXXdYVMfXPnd7Y5fdpSy9d5BeRETFgr2XaDSWqFGTaGIsSexGf0lMjGlqmr3GEo1gL1hARJDepPe2wML2fr/nrkKAoJJEDea784+P7J2ZM+/Me2fmtIsAXnAEcAR6HQJIr5MIFwhHAEcAcGLiiwBHoBcigBOzF04KLhKOAE5MfA3Google Cloud PlatformRCBHBi9sJJwUXCEcCJia8BHIFeiABOzF44KbhIOAI4MfE1Google Cloud PlatformQCxHAidkLJwUXCUcAJya+BnAEeiECODF74aTgIuEI4MTE1wCOQC9EACdmL5wUXCQcAZyY+BrAEeiFCLxQYmpR9A0tAEcoVhmGbs2mYv8UIAhyuRdigYuEI9BrEPhHxERR1C9HriFfyymFAnkr5DQ1wUNxK4g1AFEWpoLX3RwP0I3YXIlUZhgwn8+F+vra5LfvpL4tlysAtBpwteYDB8hgw2GDH58BkU7uJB4A+PCMUhAE0fQapHBBcAReIgI9JiaKomQAoN4UCuFkTg5EWVvbWTCNTpUotdwHlTVQI5NBqVgKlVI5KHU6ICEIkcdgmBDJJNDr9YCiAEBAQKVQgESjbcY6phIJ4MUzBmMaFSxZdPDkGoOLwFxrAmi2Lcl4srExInqJWOBd4Qj0GgT+CjGXyQBG7MvMh2sVtVDUIjZyNOWFq0hkaJYpQKHVglSjAZlWB3oUBVSvB5lUaiAlgiCgQ1HQa7VAoDPAwcIC7DhMcDdmgxuPA5ZMBnCpVLBkUkBY39zIoyBzaU3cqy4uyKMzMF5wBP6fIfBMYqIouuRcXbNpQU3tLJKpqVNSRTUUtUigUiwBYXMzEFAUyAQCEBAEiATE8G9bo2q9HlRaLfCMjcGJz4MwOxtQN9Y3XK+o3R1gxoO+AjOwZTPAmsUCGoEENGM21NY0FEbYmB/5fzYP+HBxBDoh0C0xURSlA0Dk6dJqjkaj/jlTA+xT6dlQ0dIKRCKCHVMNBMRKdw1o9XrQAYCliQnYc4xA0iLKdTQyqlwcHgQ+NFIil0rdhM8DjgCOwJMR+BOvsLukVAcTS1pbfjn0sIRwrqSSIVJrQaPVgFanMxCSAAg85uWfWsZISSCSwIROBQ+uceMkNwedCZH0zsXywks7Bw7EntcgCH5ExRcljsDTEPgTMUUq1bgbDS1fHS0sd8xvboYSYROgeh1QicT2XfJJDWJ3S+z46mttBSMt+CItqp092su9LpjByEIQRIlPBY4AjkDPEOhEzKz6+mH35drNMeU1oeez84AAAHQyqUcZu7R6FDQ6HYzydofX7CxbzSikDwZYCfb0TAz8KRwBHIGOCLQTUy6Xh5yuF316srIuKiY9C9gU8jN3yLaGMI2rSqODoR4u8K6Pm2iYGfdrBEE241DjCOAI/D0EDMREUdQmsaH5x72lVSMOpmYB/bF2tadNavR68BGYw+owf9k4AX8vgiBLe1q3Nz6Hoqh9lVBFXvzFMZBpNRQTOpks0zzydVCIlWhWeYOSzaTqR0f6waShoUDVScVhPo71vXEsL0OmrMIKp0+P3ye0SCU0JhGIFxPzNdLyevV3294hjgm3R+ws+IUIgmhfhiz/lT4MxFRptSe35ZWM+/5BNlkslwGNSOzR+DCfAexeKWAxYdPAvjDWyuxnBsBaBEEaetRANw+hKPqney+CIFhXL6WgKGrZLFEcy61otvotLhWpFbbq9XpUp1BrQKdHQSZXIUQEIdFoFLAy5ejD/T1QBll7ZlqU3+qXImAv60QoFLulldQeu/qgmFNZ26TDLNjZpfXEFokCWTBxgG5udJ9yW3PjaQiCO4v8lakzkOB6ZU3eDxX17ieT04BHp0FPWYDtlCgg8PGgfjDfze6oGcAnCILk/xUBOj6LomiAPi9/RdmeA6AQNgCRRAb7qZNB7u7yPd/e/u7fbben9VAUNYtJyNmdWiScaGtjDcHejpD6IPVWbGL+KZVKAyrQA5dMZb82MngrQufB0doNIZYMHU/vb5ktGTetrPf+W5qgap352Mos+LG+TDBoV4QPy9Bz+lFtRmBXtYz6TwbELj7txt2L545EoHK/4JXPn312bdQMw5V+/cS5OpQgtrag3a154UzMUOIRLAismE9RHBMVNszNcjCJLek7rdPYOiaKg25cEK3b3kycI78aCRygx3XJ6fLyDB/udokf23kXm8hL/b/rPqFRVJzO4VF67JrxEvVWt1QNIpzqyZP6qKQYSjCILc6/ICWVMuVJjv/f32hGoZ0TozO3v3sQ/nb6yVNUy2NTchUkkAJCodhC3NNz1sBFld6pIkSs1cCo3MrqqoVwvFcqBSSBQ7AZ9d1yxGlQplC8eIqSMAAepbxGBubgkmTChlM2mx3Y2htknipdLCxEZJSwuPSgUymQxiqRRU2Mkbc6IEADaLDSSdVsGm807yeEgr9rf49LJBpma8vkSdUkLF6shVoNJrQK8BCHS3NjyCIEja03Dbcer2eB3QzzQ0NmkWjQs66iDgr0AQpBFF0QEZldIt3x6K1e1dM91gI2srd9OLR5sLzL1RjVyGydoklYJUqgEymQhhnrbYY1cQBHnYBTPkblbZHCtzc75eLVWpNHqgMNlkEqrS2Zob/4wgiLzt+epmcT+EQB9QXl0jsTZlY36gUCUUQ2ur+OLwcK8i7Ln04ipXAoGhGILXQSwbAPyVQKwG4rBDIAmcqC6rqGlhZN06mp4eEKw+9a7WiVhuidmVcsc7LkG7rDZMfw0kM7ZvcRBEnqDjOFRjNIoSf1zcwpltiaGgOZSoQWsdTQJ1aoVDKw2cZQU19fF+pld9JATNdDp+9JSbRQeWuLwX2uJ0WjR4HNoMNYOytw5xgNe8/f82pP6j3pGVlRyRZifPya9P9tA71OBwiBgF1+Qa9Sgde8OaALC9nBHxG9/J/08aS6KIoKrqeWz7uWWry1rLYZ5o/s82BwoOsMBEEKntZfg0iy9nJmw7vfHoo5GvP53F/rW9WJxTXNIJXJoY+bHRD0inf7OFp932WRkaVKzfcFVS3T8srqOAITY7Dh04DHZmbWN7USa5rEXq1yHQCqB2tzPlhbWUB6dm7xV0fjX39/WphmbKRvasf2qpukQwFFfhIptPZ5xZWgUmtAYMIDBoOKWZuhobkVECIZPCxZemOOkacpm2ZY9AkZpYuJVMbaWmGzpUKlBhadCsYcIyASiECh0SAtK/+YXEvYsWxisLgrUdr6F0SvH9W/r1fsrCHe4ohARx8enV7RTsCcshWgR+dlqZp83woKag9GSMgoW0Og0ZbW1DWbqTUaMOUagRmfa7gSEUkkSMnM30VncvZPG+Da2oY/iqKE+Kyyn1ECZUpdY4sRmUgERysTtTGdcNVWwJ2JIEhLW79VjeI5JDL109omqSC3uApoVDL0cbMHqbhlpr+LpcGjLKekob8G1e4RiVUu9SIpIICCCZcDdJoh+gnkGoDUzPwKuQwN3PjWoEbsbwqVZo0aSCtLa0ScnKIKIBAIYGnGN7xQNFo9cIxYUFRW9jtCom6dGO6KkTkPQRDMz8ZQ1GrdYiUQNlXUt5pmF1SATq8HCzO+QT7siCpTqoHJMgJla2NqVJBLoIGF3B+P3kOYrFBUJu3xulfp9GBqxIL1Ib4Qbs6N9jA2vtLjyt08WPHNzi3UhwVris5fACCRAEEwY80j/1prJyeQcjk7vE8dfyHEVKt1bx27lfvFnpj7RhP6uRSN7Oc22c3aPONZ40FRlLX7bNLuGqEIXT9n+LeZJdV39lxIp91KL4RpQ4PAz854ybhIn91diIlhbv/6xqN7ZHrKoAmRXjAiyPYaBYjzK2qFRskltVfOJBRZEPRamDnMF8yMWdoL9/K0eeVN8uEhLiJPB/NpgwKc0tsmvaYGZXB4uiGJWSXHtxy+RZfIFDAkwBFsBcZaQBEoqmokoSQ6zB/h0+DlIAhHEKQYkyeluJlzNT57YXZlw7aCinoY6OcAVnyWnkwi6AuqRaTbqYW6iAC3xoUj/dO9nSymA0DLn+76Hm+N7BcVcP7jGf1bR4Z7eCAIUts21maJbBGg6AyuEXMIgiDqPwhbybuWXLg6s6xpVV1DI7w+LAC87U11YrkSvfaglHQnrUA9cWiIaFxfp6te9oJZbfXuZZWYn0ss+DGluGmclQkbpkY4p/q42o2z4tFrEATBNi1DaWpqYtOMjKdfuf9w14ZfrhDMeUawbclIvZsNbyqDSj2NPVNZWUmvFGsHPMirOnfy9kMyk0KAME9r4HMYWrVGB01SHSm/pLK2tlnud/eHxQZ9CYqiPK0elt/NrVqz8tuzoNXqYEKkp47HYaBypRZyy4Wk7OJq/aQhwcI3h/vmmnCYIzse31EU5Wj0MC+jqHb7ql3nEaFIDOP6eeitTNl6nR6gtKYJOFweyceGkz1xYB8fAzHZPxy+R2SxQ+EvEFOh1YGVMQdOjBkMvkbUcSSEdO5ZC/lpv+ctXLKRVt+woTY7BwDbLTu4/LERArTqtV+EF+au+id9PKnu96durywXk7bFXkso2DQ7avHU6MAbPe3nekr+biKR6DjAz3lqcXXTuNzShr2fHb9DxHYDK2PqvN+3LdjXhZgkqVK9YfrGX+d4ONtZzxrsec3NymQ5lYpkoShK/P1OTu5nxxNcOQwKTIn0OCQwph3JKhEGachGW7KLqmB8X6ekUaFuSzkcxv22drEdZfuxW9P+d+j6TmsLU663DW+Lm515PPY7jUocZsJmzQ50tV7g62pxueOxb9MvF6fkVIpOpBXUwLLJYXImnfJeRV1rhZ+LYEVmlWzIyaspMC7cTf/BtIhfOSzaMgRBhB3HQgxaPtLX1/H8mDDn1hBnG/dRg7zqOshkDwACAMCOd+3EwX7fvPfSOylFTd+V1zbCmpmRQmdr/tKS6mYRk0bdcitfGJRWVAe2bPTGzx9OG9yxv/U/XfjpakbNAgGPBcsnBl/r7+80tLt5wl6YS7/7fd7B2JRvXG1N4YPpUUunRXlj99x2zXltrcj+SnpR+mdzmu1jwIdBN8ier11+QqHbZ79jemk+ZSCGjI7DHh1R3GJPjubNLbe2KS1xaX1YiGBLss9XezEcplKnCxM307s0oyJre8ESLd+SXr5/7kCnCyfcd8TG7j/ZfSF+w8fWdbfmmNJsjT7t2h/s5lWtBC6sNaGBziMc7Thjd4cLCrx98mphYhAJtEUu0ZErYv2sbqKwRBCnu6mLt7LmfO/I30xqYNdfkPH5GyAzE5JBK0oNovwvOynzsxURQdufXInWW/JxQMYxFUd+N2vt3vr4yjuEo4GiEgxo6WJocfg7/uh9/vr/vpQirZ1Iga+8Zg589mjozsdDf+5dy9HJRp7mnF1ieMCHLcgCDI9cd1TRIyShM3H77jbMZlwUAfi5Xzx4Z/ib1tt+69svmnCw8WfTBrOCXYlTsh3NPhbBc5mfzh6wqCfN0s6WRt9NktcwwnGMz0U1jZMNzV1vyHruM6ejll9u3sqv3pRbWwcfag1uhQN08EQWpQFB18J7v6w1Xfnx3CYLDg0/lRMldHUy8unV7esY3It38YqdOj58kkRDUrOmD3vFHBmzoeK5+E477zyStvZVVuq6hvgfWzIssH+Du5YW6aKIqOi71XvOrzozfD5XJ54dfvjvqqv6/jvjYXzp9/v7v/bGLpbK4RDVZN63vTx8licFfS/9FnhKvVuGEPvR0FkFrc5CI895HhftlWVCqVz9WU4vhPDt1iB7pawSA/q0lTogJ/e4yZRXGVcHKLWnIwyMnJcCdvK6ELvxpmzDW9/CCzsKbx4mYX7OT7uE7ErpiUj747mTCSy6TWf7d8zPeBLla7EARp7ljfc8pWPxtbQVpmQaWyNuamC8DNqrbfMQ13aV1L1AVvmx8NxDT56dg9lMkM1Ut7fpQlUGmgVSpaWr/62QUKbhrO4f+k1O478Bk9J2911uFjgNBoQCCTDKFjOoUC3CIiQGxr/b3Ll5+9+0/66K6uTKHau+96/txvjl2H6EC7pMjoiZFTvf44ev2d/tIeVu385PDtqRogmYwNcYiZPzoII59BkRJ7J3PID+fTdr4WHa4Y5M1fZ2XKi2nrA0VRk1tpxYlbj8Q7mxgzIaqP9cYF4/q2OfwzzEetr1k5bxzH24o2fniY1++dZOvzrrWpNTfZ19NJYGpEnnxswwzDse1p5cDFpNkJ2TUGYq6ZGSkeHuLVj0pFsrE6KTnlSy88KP/m9zvZ8MYw76q+7pbhIT7OlR3b++125rjMkuaz+84nwehwD7AzN/po5fSB2DizEQRp32m6yrAnJmnlrayqbRX1Ilg7M7JycJALdsQ2LNAH+VVbDl3LWVMuFMOHU0MaQzxtXdrIvuu3+P0xSWWzeUZ0WDE19Kafi9WTidn3/RArM26Sp4M58I3Zwcc3Tk/pKAdGzEv3C+O3Hr7N9nO2gP4+lrNnDQ89+CzMpq4/NKlZrj+VkVtcJ2wSBUPSd+3E2rT/6tz0wvq9LQotfPvuCPC2N8OO952sFNPXHRzQKFXfzC6qUtVKmoPg5rcGvLsWAzEDj5+714iQQltEoh57+wCZAohGLQkVmIy4MHYodlz5R9kGdGLxCuW58xuKdnzL0qrUADqtYdckUihgO2uGnDgg4nNOUNBz9yZKzqv88djNhwvjM4pgcoRb0oTQgQP+aRwoFp3z1bHb569l1Qzyd7bQL50YdEDAZc0rr23yTMiqOF/UILNvbGia8837Yw91fON3JCa2Yw7tY7V2zti+W7E5Gjb/y8CSVnXc+gWj1cNCHKcJjFmGXba9BK+xMTUl3vfzchbw6Oj4XzfP7kzcbib/z8R0iaBSqQYtco1Quvz4zaztR66mwfwRvg3BNoLgoCCnduUO9owGRQcnpJeeWLfnGi+/rBYCXAWqDQvGaQJdzb+lEOBTBEG6fdN3JWa4l3U/BoNhIH1ZTfOWPZez1iTnlWk+Wzjkvq+T5QgEQSTYb23ENOEw4MPp4Te8HASdjrqdhtj3XX8rM9NUjJg8Hifk1/WvJT+JmAEulhDhbf36zOFBR59FzNc2Hp7cKNWdNBBTqAuB5K3tL6v9sfcX3smt+TGvtE73+aKhZRF9HIchCFLSsc2ZGw8NrG9VxRmIWV7hC5l7O2mg2541EHPprcT7iRJlcHZ5FdBIPTOXqPUo8Jl03S+D+uYNtRYsQhDkH5kyUBS1UKelLVJmZq+vu3QVpAUFQOFwwHrMaKD69dlGDwv5FmEwnvgWfhagT/p9/4X7uy6mVCyubhDBpAjXpNGBkf+YmFhfwhbphe2nkkfczakEf3vO4a+Xjl1bVN10bO/FzL7Dw9zBkk0Y62InaN8tsTodiWnKZcEgH+v1C8aFfRKXUeRdVCE6cjUp1zXI3X7OytcjLyHII7PHn4npJODQYfypv0VMr3AqFcnB2qwXSlccvJH5xaV7D2Hr/Kh6VwuzEB7vD63rY3k5jWLlqMv3cvdvO3aHXNskgQhfZ1g2LbJxgLflNwiCbOkO9252zL5tO2x8evGntwtEHx4/fzvx+LoZCz2czNu1m23E5LMZsHpaWJyPs2XUE+c9dGmglcAkpSfE9HexhP5/h5hFuiAo2Nq+JvfFJC3KrVPsvpqQWvbutMhZ84YHYulxOgVv/CViJtQ05H9TWuN24n4q8Bg9czBQanUgMGbDruiBEEAnTTBnMrveef4yV1AUpUJx8YTK9Zug8coVYNvbg9NXnwH0Hxj7pLfvX+6kS4Xtx2/vupVVvVgkkcGkcNekUYH9nwsxURQdcyY+b/P+q7l+1ZUVWTs/mJivJdCm3MspHelt8Gult/hyBIp3sPRszb6Y+Osq1iCUQFOOaaG7NScsvquUxj/pgAe450ZnSgAEGQR0mUOhR65BobBpOQaG9jYeXnaHLRyZJfhKJ6UGiJUFBaVdtQpdtxc//cToukbcfMLKmD9W8MbB0R5u7ddqQ8fjllSa2SvDM3r1C89o0BK2wtTI51NweY4qm6sfn92ITCz3+MTSGmZRbCtNERsGhcSNXAPrZfAAA2zk4+K23ErGxogbWvR5RHBbm6YwsYRdHXd55LWV7ZrAkwpSjiVrw+uBPxMGJeSauaXVZZB/28bRuqGprjdPBnrzAykQA1ja386ibZUHcbEw2fz+nX3Y55ObkofvOBODaPRYVgd8trDBolT6/H7Jh0aBK3NKIM8vYv34juhDW2YzbJ9CfTsgprGi994oqZONumIXrp7lm+fr4HGXpx1cb5w226W5sYMWuaZTcKKhv1AwPsT3jbWTSqdFoQNkshyNeNGuJs0uBpL1hn2DFlGs3mzRkP3zlWXMEVNjYCjUR65nrHv4DAa85mILTkx65BJfrzttlX6+ds/cCGjjrS34UjKq1TPpFGDS6ECnE4HYZvXupgc9Aiodiy5jPu4+XwvAVmmBh2qYfBadSgQoRhCkXRv5TCF78MDpm1m7YpNKFueU1cHwANuEzQtGRPSgWo8eKaism7H9ZPLKh+X1fmP7+0BFdb3Cz8n8vKK55e3Fb0T/yW2xIzGbRK0w0M8+y9/FiqKncd3O3UwFd0uW0pzL3BA1wH2Xl5lZp2MiRkwqDYkXmPJs50+IgEBPR4NNs65VBTduJVTUVEn7XPvprU67LEbMuzm1++9ll8E7E8MU/TxtNpIolMp6kRhuZ1SO1hGo/VFFy94NC0ZsfNaAq+pF26+klS7ZG5tCi0/KhkUzR8KMAS5JkX5OYV3rthGztFoIa98YKKptFn+RX9YsGRbivKYVYQuKCgtqpkZ4fmNnxdvWsS5GzKtpVbMLSqsx80ZzY6ssGTUkk+pcCEQC1DVLOFVCSZi7DV/D5xt3S8wryUXxG/ZeZwOqgTcnRIG7ozXIFGqQa1DIy8luVBP1np/OG9lJE40Rs75FdbKwtLpl/piQdRMG+TSxyBS4m1MGN9Irh9hbmw0f3Mf6SL8+dpheweCc0LFgxCxvaLle3SQnfDBrBHg5WgLm0JJRVANySYtkykCPvZ52gvfanNiRndn531xrFM+89rCYSwT0mXdNzCBMoVDA1ZgFQx3sFmzw8zjSJsiemBu+bAbvV3sbczfsfSaWK0GuVINUrgS1Wo2SiAQgEgiPFa8dHRpQPQqIHnMu0OtRaGyVAZNOBhaVTDAy4hDqhMJLK3ddXuZhZQqRYY4wOtQDQj0MXiqYLetPu8izFhP2e2Vdyy8/Le/OHULRjga5exa9Vr04yohhfAc3G6XvjZyVVCmebzmkYJGNMIlWZsSsShTbM73dXa5Ox4lOVxGBDqavrekkkRueX10t37YhJJcWmldm42JuDhZLZgqKvtyaCgDhrDyDU2PAbhrqONhfX8kX71oZ62MolCCU1SPbe4vKZF2iAK2Pj+hHZDPNYnRsyk/Pr9F+KzYEw/TxjVzxuMjeiQXVwNJUI5KmpuPrF7xaTXeoIjtnPqAA4cvZY95YvD16gtMg142HBTti4eOy3Ixay8o7G9jZhF5bWwbs5gbVltU0VlvVij0elJQ/v5og5mtKPOliYbu+60bUdZLosG708OvXXwalb03ezKTqYYTNZAADhUWBbCY9Pjn3aUvXy/MH7TgTi2uTEd3ogOFDrb8CVNrQqQqlCOXC7REEk0vxlDfDoFJ2DErGwQn2xolsCyqQPA18XCsJavJuUDSqKiPrbc2EkDfcY+CTOMmBVC8fXKBgmy9o2B1QGu1mosuUBetcQyNavw9jg/zqhBgwZp21lxMCPDLEms/TRTKp+XWlYOJCyPzzNmBAv3opJIsLF/aM0kW4uV5jQKdtxBf4xJYTiacfqb8Ji/KrRETnJOMWQW1UBJrQhkmK8YarhPgU6HJepqs4x08ThCsfhOvSGPEDZwApEILS2tmmaxvMxWYAyBbtYQ5GEL4wcGgjEN+YJMJv7yd5zdtVp05+7Y1MXv/e8QMnJwoHLPqvHJpsasyf/EEb8jbLcyipddSSn/+uztLIgOsq+w5LMDV8x45E3StXRS/vBYMNjbavXcsWFfAYDDwfMpdtlldb8m5NfxfBzM6oNdBcvnjwn9Q1kRvMbGxISQ1MfD0SLQwXTp0mn9L0kkKtAR0bGgR+eQVNqBHh7WTR37xIh5P79+f2x8FgwOdIZADztg0Slw40ExCGU6MGOgv+5fO71HxMTaxfQEEoX6++NxeRM/3nUWvJ2sFBvnRiUM8HOc2tGJvY2Y5bVNsO6NAXUqpXZuQmZZXXGzRPX+jChtqKNpU1czA9Z+GzFNOUz4eEb4dXd78yFPXKL+7/pa2ZqmP+uOueXQLbaPozlEBzmsDu/jfKa6UQxMKmUwiQjvEVTqwW5uNp30GhgxqxrEJ2ubxDB7RAjYmBuDUq2Fs7ezgcvjwthg25gZwwKfSsy6FmVcXmmNOsLfftKXS8YblD8iqXqlWq2yCnK3HoX9vxMb8pqav7irJaxYcfYCqHQ6oBCJTw2SNmS+QwGiPVxhdYBnVrAR4zMEQdoXS3ZJ3ZiaFjXrQnw63HhQAGEetqOdnBxm3Ex5CJmFVVBdg72MUCBhwdjduAJivrIYgbHDCnZfIpOpwGKxwIhBBUw5gmkuXW0tQK8S508e1jct3N0M0w5/3ZM3fIddKmjlD5ffP3L+/gwXJ2tYMTm01caaYe/v4NBpd/krbXZ8trpevPLEndxt+y4kw7QB7pVe9px+4weEdDI7dLdjYuaSQT5WmxeOD9/Q9vuus7dmbDucsM3Ozt7KhK5efnrLnB3tfXXQyhL1yuGXti80JNXGyC5X6UIZVOK1rildMGIm5tTuv5tdBgtGByroFPL6umZxtVqtfye3XhEuamqunBLp9suiiRE91oajKOpfWNu6ZfuvCSOxl/G8YT6NgSF2ngEWFu1Hwk53zJkR5VGBrtjd9pm2ur9iLiEP+ijUjE2/9yxiYuaSAFcrCHM3nzxnVJjBxITZjUUSeX+llHHD0vIPP1zsN8NRtlV98mFJZcuQQLd1rra8plaZBjKFjpzHAAAZwUlEQVSKqmeIVTDaz0lQs2xCyPR8Ga7tYMtmM2iNVxmQUVyrrYC64AyYa1gKpU7loCxYpMfmTT7kRMzMBbqNZ89FtVQ+jpnELIqqoG7LqHXaafVLAjLbYV/2/cCOhPQLcHWJiueNKzWILoKpFq3o+nbkF8ehHD0sz4zQY5CimZBSCTyYGF+Xf2wFcXC7/C8g9psFSZOhRc7C1g3OBQcDajVZFA/8GcUSEn/gqR9ly490FWpfLL/WfjYGiQs2jtG4O+7ONstb0nuYkqhaKBCJHIsuaxu3Uyr64VrzyRkLtt/4VkmBjhWmljxe03L7pnxOxixzQMKWjuV5n1CqJPXXX5Es2dr/5w93tMTMyOacIiTjm+ceapZ2HQUfnT0cEgv6Ju7DenU1alFNT2C3I2aZ01zP+DcB/7TtkoZGp1MIISbBlU0p/spTKZLPijX+I+uptTNWFMmENJQB/70DFBbu2nhKeZS54m84siJmbH7OdtOWf2iNADz8LsScqfhKySLy+m1n1w9kYKvDU2SPHGsIBVHCNaJz9prO1OWtnW1mC4vaNTkENb/90l4xpXpUPXbLx1j5UqEnsUN7eAVqMBCqn73RPbzbQoCh6WFuBhxDocaW6ydr6nYycPke4Gi9n6rqcUHrqWXm57L73As1WFMCvrhKBUKIFCfrbJxnDlf7ybYu8XhUoDns62MNjPtoJnzJzx8cyoHptvVCrVzDOJxVs+/uGCnVqjhg1zomBilO+bPAYNiyx5aq6iGw8e7tTqUedhwe7R3Y2zsla88mR87rYDF/8aMU2xHbOzg4HhRTrqg58zqiXgU15WskR05dM/EdPPy0nAZ3YmJoqiDLVa7dzU1FRkaWnZHonR0Y65dmakODrkD3PJvtjE1cml4s/uphfCgtEBonER7rOsTXnn28aYWlC1GVAYHOBm/SdPKSx8btCinQv1DKNP3hzmKQz3s/Zy6WbHbHMw6GjH/DeI6e9sAeHdEFMiUXkrleJyU1NTgx21bcdst2N2MJegKPrOvYcNH320K8ZSpdHCpjmDFENDXGcCwO8d79eGHbNVHZdZWK6qi03wBLjebucUo6gJVQ3mFArkdpslDwB4e/IK3WokihNXG5rNCxqbAAsUBv2jO1/X0kbOIHtbmS+DenK8u/27A01N9R39MrsDXCwW83+NKyfZW1K2PShqmrj37C2qSKYmq9XqR/lpexboYjjuYrsnQiCBk40ZBLiYP3S1M5304Ywog03uWQVFUebdrLIpl5KLdh+48IBmymXCqhmRLcEe1gscBLxLWCx5VwcKzLQjBCB/9cOF71BUb/H5kjHDu+unSti0/NStou37MWL2d63gmxqHvj0qpN2ntGMd7Ah1J6MkecvheBfsKDvE33bdvFEh7bbAJdtOCLLLGuLs7R3dSfrWd/Z+OH1ne337JQJTT5NUX08nCwGHPOHwuhnt5qsGkdRPIlP9QCLCPDsLfm5bnQOx92Ym5tcdSiuqxTxwxMOCncOoVGoe9rtarXv7Tl71Vx99H0MxYlLhvSnhNcNDPKaQyYghLnbTnivryBTSuI9mDurfVfuo1umWfvdbysaryQ+5G+dEZoZ62EUhCNJ+v90Tk7j8Tnbt9vJ6EaybFVkxKMA5FEGQbjHpiM+u3+7sjb1fMfeR509InJ+L9ZPtmAFLA61sTFK8HAVgxDIKOP3J9E4hbCoV6n4lOTdpy2PPnwF9LGfNGBZicKvEikwmC6oTKXehBNpiZ0vmg7a/T117aLxIhZ5JzymqFeY2BkDZLoPcmH9us0K18MzN3P99eSSO6u9qDaumRzT6uVhid/QbbfqP6WsORDTKNXdyi6tVrjb8AXE732kPE6sWtk5Xq7Xz7S15w5669K9X1kyQ6tD9l5rE7BMZWSBVKIGORX50swLVOh0Yc4zBggjSOQF9EhY6WTWQCcS3ulMZ/4nYKOp6/n6lQ8yteyPEasKy87fTDLshpr3tacFkwtTOWOpMN3sL6O9lHW/Cpcz9aNbwTrbCJ7WHog2saymSBfFZpV8duJACAlMOOFsY5a2aPbrSx5bzG4IgP3Yh0aeXHlQEXEnK8yQTtHe2LR49o7u26xpbl564U/DNvvP3DcS0oOv8508d3sl/sq0edoq4m1ma8cmReBc2kwbD/Kw/nj8u/NPHE8/58Uzivn2X04bNGRfJDHfjv+frZPnNH31G80xGhuZ4ujgIzBiEMac+nd1+tL78IC+wsVF+Ua9Ch88aG9QeNnbgQuK0pHzh8dTCGowg4pF9PQLaok8wH1uJSrso9m7B6lXf/Q4h3vbw/tR+KRHetosRBEnpu+jbt8L9vT8b5Gn+6+j+Xos6jn1P7L3NrWC8LjMzo/jjmYPmudiY3usYYbI/JmHp7VzhN2V1zbBxVmRFf38n/+6UPV3x/OFM/C+xyZVv8liYr2zYdW8niycrfxzn+Fj3ccrEfGXJZLJ3zOdzOr2kUSXqdDEtL3XzwdtsT3sziPKze21mdOCvj7F2qWtRHM4uqg5Rq5TBoyJ82t35Jny0d7RcT4lJzSqoE1646gWQ2D6XKIryC2pa3j1xPWPDT2cTYfwAX/hgemS6nSlzKYIgBnPiuHV7Q1tFqsTaZjkc+HjyvVAvW4wjhuPsbzfTFqg08NFrQ/xcnrknoSj69q6SKtOcyupZjQwjxyt5D0HcKjYQlNKBOFhDCo0W6Aw6jPD2gPHmPAjnG39pyaRjau8emTLqW1qcjl3L+STlYd302Nvphly2NArp0XdPeliwnZNIJEMY5oEyud+R4cGOXyAI8swQrscTwrybVbo5q7RpeXJhA4iVWvD1cIKKoryqK0n5v1iasA1xeHq9Hgnztl+mJBsbezpagQNbdXpUX6/JXUVskaimldS1frj/aqZfbEIORPWxgmlRvofCfR3FZNDtoVAo7W9xLKVJYWXj2htppYt/uZRp0PRZsCCHgCA3GXQKmBsbmfr6uE8lEongbsE41d/HdhuCIJgdz7+qSfrmZ4eus0/FZc9iGnGAAYo4Ux4rl2fEAKFICnwe2zrYzTKay6IHL57Yz+Cb2SyTjbycVPLx3osZ/SobWmH+qAAIcjE/acWjb3KxszAsYhRFrYUS5Za959Nm30grg0AvB2CBNMHPxSq9vFYUWNJKCKuvqYLq+qbPg9wtFEwaBR7k1xiZmvCH21qZ0CWipg1fvjuufRfC2qxrkkyLTSr8cP/lTD+JXIW5+4GPA3+frTlzk6OlZbdXICzdTElt89ITN7NXHrmeZ2VpwoE3o31k1nzml8YWzC872nRRFB3SJNeNX7PzN6szd0vGm/NYMDnC/czCCZE1ZER91sSYdQ1FUa+skoYN55MKp+y/lA7YicCYokugkIjpWMCyEY3sEj14wDABQwtGFNQ/xMvBkAAgs7h6yJn4wo+PxuUOEouaYVa0/6HpQwPEXA5xj72ZmWEusWP8nczSrWfuPJyfXtIII/v7gTFR9sDX2fIedkU7fj3d/kxC0SilFmDRpEioriy9WSsU57RIlWDK5wbymCQzM2nWs4nZttga5MplJ+qaRxxMTnXg8/muJaJWKG0QGrSlWI4gg10SwPCNEoxIfSzM4XVXe+AQkeUzXB2x41NGT44rDa2tzrG38/edjn8YkZRTAiqlCsg9dBNsk1Wt1gKFRoGf17wB/dzNFgj47F96yGsMWCwL/Y+J+bVm3x+/gVxKzANLc47H8MgwGxb9kecDNr6K2kZ4kP2wcM7YyNKxIfZXnW3Nv+zah1SuXJFW1jL64+9OKTENZainPWH1rMGMsD52BAqCriGTyXEddkun/Arh7l9iU+Ho5Xt6jFD2Aj7V0YpHxWy5VDJFb2POlS8YE4q62PA/QJBHzuYoig6qbpJu/f5kvP7AhSS5SCLXW5lyGHYCHgmzSTa2SIHBYOiigx3rPJzMlg4P8jTETDbJFG9eTS574/0vf1Vgp53hoZ7IzGh/po+N6Upra35iB7lsKupEu747k0Q+cvEeEhXkQn99aACJRiWp98bcV91OL+bNHDMgK Program Manager with Epic Access and Revenue experience - Remote - EST"
